target,prediction
3.022075, 3.349803
3.3498034477233887,3.0220749378204346
2.804748, 2.914117
2.9141173362731934,2.804748058319092
2.951581, 3.065136
3.0651357173919678,2.9515810012817383
3.915648, 3.747067
3.7470672130584717,3.9156479835510254
2.658678, 2.700116
2.70011568069458,2.6586780548095703
3.903048, 3.481667
3.4816672801971436,3.903048038482666
3.489257, 3.710703
3.7107033729553223,3.4892570972442627
3.027723, 3.027928
3.027927875518799,3.0277230739593506
4.594099, 4.506601
4.506600856781006,4.594099044799805
3.259197, 3.326966
3.326965808868408,3.2591969966888428
3.160235, 3.188065
3.18806529045105,3.1602349281311035
3.974191, 3.775616
3.775615692138672,3.9741909503936768
4.309310, 4.338518
4.338518142700195,4.309309959411621
4.031911, 3.342483
3.3424830436706543,4.0319108963012695
3.860664, 4.233672
4.23367166519165,3.860663890838623
2.650482, 2.323310
2.3233096599578857,2.650481939315796
3.346330, 3.179359
3.179358959197998,3.346329927444458
3.783881, 3.831145
3.8311452865600586,3.7838809490203857
5.005895, 4.909690
4.9096903800964355,5.005895137786865
3.266828, 3.021505
3.021505117416382,3.2668280601501465
2.822445, 2.928788
2.928788423538208,2.8224449157714844
3.746657, 3.522512
3.522512197494507,3.746656894683838
4.220000, 4.572052
4.572052478790283,4.21999979019165
3.763720, 3.650837
3.650836706161499,3.7637200355529785
4.376850, 4.110082
4.110081672668457,4.376850128173828
3.231393, 3.320142
3.3201422691345215,3.2313930988311768
4.012740, 3.931102
3.9311020374298096,4.012740135192871
3.716130, 3.466750
3.466750144958496,3.716130018234253
4.927610, 4.792313
4.7923126220703125,4.927609920501709
1.781222, 2.215377
2.215376853942871,1.7812219858169556
2.808773, 2.928564
2.9285643100738525,2.8087730407714844
5.067654, 4.940876
4.940876007080078,5.067654132843018
4.451198, 4.369790
4.369790077209473,4.451198101043701
3.576688, 2.721402
2.721402406692505,3.576688051223755
3.378104, 3.864702
3.8647024631500244,3.3781039714813232
1.183005, 1.855624
1.8556241989135742,1.1830049753189087
3.216200, 3.443140
3.4431395530700684,3.216200113296509
2.459250, 2.889356
2.8893556594848633,2.459249973297119
2.798044, 2.785777
2.7857770919799805,2.798043966293335
3.237740, 3.280852
3.2808518409729004,3.2377400398254395
6.893520, 6.516901
6.51690149307251,6.893519878387451
3.802173, 3.733316
3.733315944671631,3.802172899246216
2.186120, 2.430412
2.4304120540618896,2.18612003326416
4.113849, 3.925739
3.925739049911499,4.11384916305542
5.037290, 4.879678
4.879678249359131,5.037290096282959
4.277515, 4.051272
4.051271915435791,4.277514934539795
3.247781, 3.498997
3.498997211456299,3.2477810382843018
3.345770, 3.267402
3.267402172088623,3.3457698822021484
3.258571, 3.027586
3.0275862216949463,3.258570909500122
3.189206, 2.931352
2.931352376937866,3.1892058849334717
4.402580, 4.291488
4.291488170623779,4.4025797843933105
6.236127, 6.146149
6.146148681640625,6.236126899719238
4.977461, 4.474026
4.474026203155518,4.977460861206055
3.604078, 3.826494
3.826493740081787,3.6040780544281006
3.459034, 3.905139
3.9051387310028076,3.459033966064453
2.110967, 2.526272
2.5262715816497803,2.110966920852661
3.140786, 2.921159
2.9211585521698,3.1407859325408936
4.407548, 4.055710
4.0557098388671875,4.407547950744629
2.001076, 2.606534
2.606534004211426,2.0010759830474854
6.640619, 6.392696
6.392696380615234,6.640618801116943
1.944090, 2.736348
2.7363481521606445,1.9440900087356567
4.925521, 4.393472
4.393472194671631,4.925520896911621
3.759535, 3.596720
3.596719741821289,3.759535074234009
2.315238, 2.768692
2.7686920166015625,2.3152379989624023
3.533163, 3.490135
3.4901347160339355,3.533163070678711
2.495972, 2.629641
2.629640579223633,2.495971918106079
2.792537, 2.840983
2.8409829139709473,2.792536973953247
5.871323, 6.047564
6.0475640296936035,5.871323108673096
4.536176, 4.250624
4.250624179840088,4.5361762046813965
1.870086, 3.935801
3.935800790786743,1.8700859546661377
5.503101, 4.821979
4.82197904586792,5.503100872039795
3.937863, 4.077056
4.077055931091309,3.9378631114959717
4.455128, 4.100535
4.1005353927612305,4.455128192901611
2.625789, 2.338572
2.3385720252990723,2.625788927078247
4.876765, 3.968094
3.9680943489074707,4.87676477432251
2.229398, 2.350292
2.3502919673919678,2.229398012161255
3.646367, 3.636196
3.6361961364746094,3.646367073059082
2.756861, 2.966333
2.9663326740264893,2.7568609714508057
3.776286, 3.429456
3.4294557571411133,3.7762858867645264
4.125846, 4.134129
4.134129047393799,4.125845909118652
4.691565, 4.646217
4.646216869354248,4.691565036773682
1.094519, 2.365712
2.3657119274139404,1.094519019126892
3.537035, 2.966132
2.9661316871643066,3.5370349884033203
5.775829, 5.733593
5.733593463897705,5.775828838348389
4.111450, 4.038533
4.0385332107543945,4.1114501953125
6.449252, 6.465932
6.465932369232178,6.449252128601074
3.990117, 3.806564
3.80656361579895,3.990117073059082
4.255887, 4.160015
4.160015106201172,4.255887031555176
4.487403, 4.329498
4.329498291015625,4.48740291595459
5.263523, 4.945601
4.945600986480713,5.263523101806641
3.470094, 3.545104
3.5451040267944336,3.4700939655303955
4.880596, 4.715904
4.7159037590026855,4.880596160888672
4.850038, 4.582791
4.582791328430176,4.850038051605225
4.840159, 4.947126
4.9471259117126465,4.840158939361572
4.436860, 4.194081
4.1940813064575195,4.436860084533691
3.309168, 3.535498
3.5354983806610107,3.3091681003570557
4.245672, 4.301485
4.30148458480835,4.245672225952148
6.332860, 6.416568
6.416568279266357,6.332859992980957
3.771911, 3.429129
3.429129123687744,3.7719109058380127
2.011246, 2.063520
2.0635201930999756,2.0112459659576416
3.637839, 3.570547
3.570547103881836,3.6378390789031982
6.520363, 6.603919
6.60391902923584,6.520362854003906
3.984317, 3.775558
3.77555775642395,3.9843170642852783
3.965775, 3.654251
3.6542513370513916,3.9657750129699707
4.578157, 4.501603
4.501603126525879,4.5781569480896
3.662712, 3.764157
3.7641568183898926,3.6627120971679688
3.903898, 3.505730
3.505730152130127,3.903898000717163
6.817642, 6.023807
6.023807048797607,6.8176422119140625
4.547963, 4.412748
4.412747859954834,4.5479631423950195
3.016271, 3.265720
3.2657203674316406,3.0162711143493652
3.645758, 3.083048
3.083048105239868,3.6457579135894775
2.574070, 2.588882
2.5888824462890625,2.5740699768066406
5.959272, 5.727034
5.727034091949463,5.9592719078063965
1.939056, 2.742926
2.7429256439208984,1.9390560388565063
3.357397, 3.390906
3.3909058570861816,3.3573970794677734
3.669861, 3.624250
3.6242501735687256,3.669861078262329
3.076939, 3.170775
3.1707751750946045,3.076939105987549
4.097141, 3.839128
3.839127540588379,4.097140789031982
5.085600, 4.498122
4.498121738433838,5.085599899291992
2.910620, 2.862435
2.8624353408813477,2.9106199741363525
3.390196, 3.192249
3.192249298095703,3.3901960849761963
4.732903, 4.567280
4.567280292510986,4.732903003692627
4.350134, 3.945718
3.945718288421631,4.350133895874023
6.438259, 6.269672
6.269672393798828,6.438259124755859
4.493174, 4.266044
4.2660441398620605,4.493174076080322
7.278060, 6.789793
6.789793014526367,7.278059959411621
4.884507, 4.622807
4.622806549072266,4.884507179260254
3.519864, 3.436519
3.436518669128418,3.519864082336426
1.622963, 2.596693
2.5966930389404297,1.6229629516601562
2.721888, 3.029407
3.029407024383545,2.7218880653381348
1.615432, 2.353856
2.353855609893799,1.6154320240020752
2.996842, 3.231513
3.2315125465393066,2.9968419075012207
3.985668, 3.553023
3.553023099899292,3.9856679439544678
3.794590, 3.771602
3.771602153778076,3.7945899963378906
4.074788, 3.288960
3.2889604568481445,4.0747880935668945
4.152993, 4.007013
4.007012844085693,4.152993202209473
4.698800, 4.623356
4.623356342315674,4.698800086975098
5.794404, 5.767411
5.767410755157471,5.794404029846191
2.123513, 2.352262
2.352262258529663,2.1235129833221436
4.092911, 4.024324
4.024324417114258,4.0929107666015625
3.343158, 3.555109
3.5551085472106934,3.343158006668091
4.876882, 4.534143
4.534143447875977,4.876882076263428
3.550388, 3.381789
3.381788730621338,3.5503880977630615
5.039067, 4.695093
4.695093154907227,5.039066791534424
4.001787, 4.055637
4.055636882781982,4.001787185668945
3.665929, 3.851234
3.851233959197998,3.665929079055786
3.914786, 3.712963
3.7129626274108887,3.9147861003875732
2.710239, 2.831077
2.8310766220092773,2.7102389335632324
2.934484, 2.616120
2.616119861602783,2.9344840049743652
2.994656, 2.832595
2.8325953483581543,2.9946560859680176
3.847149, 3.350707
3.3507070541381836,3.847148895263672
3.319522, 3.263732
3.263732433319092,3.319521903991699
2.122095, 1.978997
1.9789972305297852,2.1220951080322266
4.471330, 4.494847
4.494846820831299,4.471330165863037
2.178907, 2.238334
2.2383337020874023,2.1789069175720215
5.013008, 5.166506
5.166506290435791,5.013008117675781
3.839718, 3.805493
3.805492877960205,3.8397181034088135
2.882946, 3.014120
3.014119863510132,2.882946014404297
2.731374, 2.592890
2.5928902626037598,2.7313740253448486
2.898756, 3.191297
3.1912965774536133,2.8987560272216797
2.021602, 2.259240
2.259239912033081,2.021601915359497
3.599691, 3.294365
3.294365406036377,3.5996909141540527
4.687579, 4.399201
4.399200916290283,4.687579154968262
3.810791, 3.964899
3.9648990631103516,3.810791015625
3.477345, 3.025510
3.025510311126709,3.4773449897766113
2.997328, 3.441624
3.4416239261627197,2.997328042984009
3.486888, 3.680677
3.6806769371032715,3.4868879318237305
3.379266, 3.232256
3.2322559356689453,3.3792660236358643
4.187185, 4.450002
4.450002193450928,4.187184810638428
2.948993, 3.254363
3.2543630599975586,2.948992967605591
1.581445, 1.980993
1.9809932708740234,1.5814449787139893
1.912527, 2.623142
2.6231424808502197,1.9125269651412964
3.576153, 3.356215
3.356215238571167,3.576153039932251
4.819458, 4.468985
4.468985080718994,4.8194580078125
2.268126, 2.457860
2.457859516143799,2.2681260108947754
3.716082, 3.864461
3.8644609451293945,3.7160820960998535
4.211564, 3.724394
3.7243940830230713,4.211564064025879
4.045352, 3.905055
3.905055284500122,4.045351982116699
4.125062, 4.514371
4.514371395111084,4.125061988830566
1.525427, 2.148406
2.1484060287475586,1.525426983833313
4.803677, 4.694115
4.694115161895752,4.803677082061768
6.596395, 5.934299
5.934298515319824,6.596395015716553
4.844705, 4.266630
4.266630172729492,4.844705104827881
2.501177, 2.972725
2.9727253913879395,2.5011770725250244
3.115160, 3.241858
3.2418580055236816,3.1151599884033203
4.152222, 3.547753
3.547752857208252,4.152222156524658
3.071423, 2.868180
2.8681797981262207,3.071423053741455
6.554687, 6.339994
6.339993953704834,6.554687023162842
2.742326, 3.814054
3.814054489135742,2.742326021194458
5.433668, 5.999968
5.999967575073242,5.43366813659668
5.383301, 5.691126
5.691126346588135,5.38330078125
3.200082, 2.885926
2.8859262466430664,3.2000820636749268
4.613885, 4.525652
4.5256524085998535,4.613884925842285
4.503886, 4.349085
4.349084854125977,4.5038862228393555
4.728970, 4.476767
4.476767063140869,4.728970050811768
5.770376, 5.822432
5.822431564331055,5.770376205444336
4.784130, 4.390900
4.390899658203125,4.784130096435547
2.855767, 2.691448
2.6914477348327637,2.855767011642456
2.197175, 2.333025
2.333024501800537,2.1971750259399414
4.304330, 4.167683
4.167683124542236,4.304329872131348
3.561495, 3.372243
3.3722431659698486,3.561495065689087
3.627452, 3.627077
3.627077102661133,3.6274518966674805
3.583864, 3.158859
3.1588587760925293,3.5838639736175537
2.738980, 2.628404
2.628404140472412,2.7389800548553467
4.065346, 4.007013
4.007012844085693,4.065345764160156
4.383339, 4.107640
4.107639789581299,4.383338928222656
6.418936, 6.421519
6.421518802642822,6.418935775756836
5.359495, 5.176034
5.176033973693848,5.359495162963867
3.549060, 3.269353
3.269352912902832,3.549060106277466
4.313571, 4.124529
4.124528884887695,4.313570976257324
5.181044, 5.010855
5.010854721069336,5.181044101715088
4.873742, 4.461715
4.461715221405029,4.87374210357666
3.651765, 3.518329
3.5183286666870117,3.6517651081085205
4.133586, 4.159737
4.159736633300781,4.1335859298706055
6.401068, 6.348346
6.348345756530762,6.401068210601807
3.476005, 2.999415
2.999415397644043,3.4760050773620605
2.944952, 2.610163
2.6101627349853516,2.9449520111083984
4.241601, 4.430810
4.430810451507568,4.24160099029541
2.455459, 1.878883
1.878882884979248,2.4554591178894043
4.720141, 4.670900
4.670900344848633,4.7201409339904785
3.003241, 2.949865
2.9498653411865234,3.0032410621643066
4.104027, 4.142049
4.142049312591553,4.104026794433594
3.436140, 3.602108
3.602107524871826,3.4361400604248047
4.034191, 4.111728
4.111728191375732,4.034191131591797
4.146703, 3.990345
3.990345001220703,4.146702766418457
3.360765, 3.434470
3.4344704151153564,3.360764980316162
6.586288, 6.265091
6.265091419219971,6.586287975311279
4.190432, 4.184005
4.184004783630371,4.190432071685791
4.480329, 4.148580
4.1485795974731445,4.4803290367126465
4.170490, 3.988828
3.988827705383301,4.17048978805542
3.875563, 3.924807
3.924806594848633,3.875562906265259
3.384079, 3.201682
3.2016820907592773,3.3840789794921875
4.596297, 4.326416
4.326416015625,4.596296787261963
4.051472, 3.691525
3.6915252208709717,4.051472187042236
4.174214, 4.151051
4.151051044464111,4.174213886260986
4.665519, 4.417657
4.417657375335693,4.6655192375183105
3.484226, 4.135567
4.1355671882629395,3.4842259883880615
3.313817, 3.684222
3.6842219829559326,3.313817024230957
3.098807, 3.044422
3.044421672821045,3.0988070964813232
4.295336, 3.860516
3.860515594482422,4.29533576965332
3.266102, 3.104839
3.104839324951172,3.2661020755767822
3.725588, 3.668071
3.6680712699890137,3.725588083267212
3.030406, 2.474869
2.4748694896698,3.0304059982299805
4.493485, 3.832520
3.83251953125,4.493484973907471
2.565892, 2.389878
2.3898777961730957,2.565891981124878
3.312132, 3.644925
3.6449246406555176,3.312131881713867
5.200023, 4.946764
4.946763515472412,5.200023174285889
3.527793, 3.524034
3.524033784866333,3.5277929306030273
2.894729, 2.724541
2.724540948867798,2.894728899002075
3.736653, 3.710445
3.7104454040527344,3.7366530895233154
3.873766, 3.785619
3.7856194972991943,3.8737659454345703
2.644142, 2.320621
2.3206214904785156,2.644141912460327
4.697141, 4.830624
4.830623626708984,4.697141170501709
4.566922, 4.315322
4.315321922302246,4.566922187805176
6.468690, 6.426023
6.426022529602051,6.468689918518066
4.191483, 4.103117
4.103116989135742,4.191483020782471
2.877875, 3.211917
3.2119174003601074,2.8778750896453857
4.262900, 3.770278
3.7702784538269043,4.262899875640869
5.715656, 5.523945
5.523945331573486,5.71565580368042
3.342324, 3.443783
3.4437832832336426,3.3423240184783936
3.461638, 3.253224
3.2532243728637695,3.4616379737854004
4.144527, 3.518540
3.518540143966675,4.144526958465576
4.074026, 4.021219
4.021219253540039,4.074026107788086
4.478671, 4.651382
4.651381969451904,4.478671073913574
2.666774, 2.798876
2.7988758087158203,2.666774034500122
4.708640, 4.465607
4.465607166290283,4.708640098571777
3.760161, 3.258946
3.258946418762207,3.7601609230041504
3.677246, 3.316331
3.316330909729004,3.67724609375
3.419443, 3.561388
3.561387538909912,3.419442892074585
3.804983, 4.040466
4.04046630859375,3.804982900619507
4.655324, 4.865937
4.865937232971191,4.6553239822387695
1.653010, 2.245908
2.2459075450897217,1.6530100107192993
3.585095, 3.732826
3.7328264713287354,3.585094928741455
4.237689, 4.192034
4.1920342445373535,4.237689018249512
4.034448, 4.028288
4.028287887573242,4.034448146820068
1.613412, 2.770614
2.7706139087677,1.6134120225906372
3.532981, 3.956959
3.956958770751953,3.5329809188842773
5.614809, 4.680185
4.680184841156006,5.614809036254883
3.321525, 2.790789
2.7907893657684326,3.3215250968933105
4.379450, 4.081536
4.081536293029785,4.379449844360352
4.314368, 4.396552
4.396552085876465,4.314367771148682
4.606010, 4.198526
4.198525905609131,4.6060099601745605
2.505995, 2.756037
2.7560365200042725,2.505995035171509
3.618014, 3.275264
3.275264263153076,3.618014097213745
3.359098, 3.506047
3.506046772003174,3.359097957611084
2.984104, 3.170346
3.170346260070801,2.9841039180755615
4.066102, 3.591258
3.5912580490112305,4.066102027893066
3.456182, 2.986456
2.9864559173583984,3.4561820030212402
3.325961, 3.262064
3.262064218521118,3.325961112976074
3.637055, 3.341973
3.341973066329956,3.637054920196533
1.702929, 1.934282
1.9342820644378662,1.7029290199279785
3.262976, 3.081105
3.0811047554016113,3.2629759311676025
2.997371, 2.961551
2.961550712585449,2.997370958328247
6.431747, 6.477901
6.477900981903076,6.431746959686279
5.375480, 4.905285
4.905285358428955,5.3754801750183105
2.590851, 2.210190
2.2101898193359375,2.590851068496704
5.459523, 5.463418
5.4634175300598145,5.4595232009887695
3.670178, 3.612712
3.6127119064331055,3.670177936553955
4.782243, 4.670895
4.670895099639893,4.782242774963379
4.578639, 4.346828
4.346827507019043,4.578639030456543
2.275454, 2.075128
2.0751280784606934,2.275454044342041
4.368204, 4.173245
4.173245429992676,4.368204116821289
3.603929, 3.555061
3.5550613403320312,3.603929042816162
3.708188, 3.934678
3.934678077697754,3.708188056945801
3.890744, 3.526703
3.526702642440796,3.8907439708709717
2.992565, 2.527656
2.527655601501465,2.9925649166107178
2.375102, 2.265815
2.265815496444702,2.3751020431518555
3.846033, 3.492613
3.4926133155822754,3.8460330963134766
3.752765, 3.722710
3.7227096557617188,3.752764940261841
3.387317, 3.469203
3.469202995300293,3.387316942214966
2.657903, 2.735604
2.7356040477752686,2.657902956008911
3.462473, 3.244032
3.244032382965088,3.462472915649414
4.222914, 4.135381
4.13538122177124,4.222914218902588
4.277468, 4.281518
4.281518459320068,4.277468204498291
4.417417, 4.332126
4.332126140594482,4.417417049407959
4.034457, 4.073663
4.073662757873535,4.034457206726074
3.107152, 3.255996
3.255995750427246,3.107151985168457
3.401667, 3.470454
3.470454216003418,3.4016671180725098
5.932134, 6.113674
6.113673686981201,5.93213415145874
3.680839, 3.521358
3.521358013153076,3.6808390617370605
4.148556, 4.322668
4.322668075561523,4.148556232452393
3.818260, 3.736064
3.7360641956329346,3.8182599544525146
4.357890, 4.160229
4.160229206085205,4.3578901290893555
3.981942, 3.783087
3.7830874919891357,3.9819419384002686
3.113550, 3.129329
3.129329204559326,3.1135499477386475
3.063475, 3.315230
3.315229654312134,3.0634748935699463
3.368388, 3.314565
3.3145651817321777,3.3683879375457764
4.290824, 4.420248
4.420247554779053,4.290823936462402
4.482446, 4.427886
4.427886009216309,4.482446193695068
3.267247, 2.874577
2.874577045440674,3.267246961593628
4.131726, 4.055937
4.055936813354492,4.131725788116455
4.094654, 3.800505
3.8005051612854004,4.094654083251953
4.571089, 4.445998
4.445998191833496,4.571088790893555
3.045163, 3.199166
3.1991655826568604,3.0451629161834717
3.699956, 3.464165
3.464165210723877,3.699955940246582
2.876975, 2.867987
2.8679866790771484,2.8769750595092773
5.862625, 5.020081
5.020081043243408,5.8626251220703125
3.753461, 4.045645
4.045644760131836,3.7534608840942383
4.067629, 3.964802
3.964801788330078,4.067628860473633
4.874559, 4.722704
4.7227044105529785,4.874558925628662
3.617921, 3.354995
3.3549954891204834,3.6179211139678955
6.176831, 6.087136
6.0871357917785645,6.176830768585205
3.786392, 3.692155
3.692155361175537,3.7863919734954834
5.340572, 5.650397
5.650397300720215,5.340571880340576
4.454928, 4.412153
4.4121527671813965,4.454927921295166
2.717912, 2.682200
2.6821999549865723,2.717911958694458
3.428285, 3.364526
3.364525556564331,3.4282848834991455
3.652880, 3.380352
3.380352258682251,3.6528799533843994
5.045914, 5.491868
5.491868495941162,5.045914173126221
4.650991, 4.670105
4.670105457305908,4.650990962982178
3.075178, 3.093650
3.0936503410339355,3.0751779079437256
6.119711, 6.201417
6.201416969299316,6.119710922241211
3.443414, 3.462130
3.462129831314087,3.4434139728546143
4.290562, 3.851601
3.8516006469726562,4.290562152862549
2.991873, 3.397924
3.3979244232177734,2.991873025894165
3.597996, 3.173702
3.173701763153076,3.5979959964752197
5.721073, 5.794677
5.794676780700684,5.721073150634766
3.348872, 2.962797
2.962796926498413,3.348871946334839
4.782070, 4.730427
4.730427265167236,4.782070159912109
3.652484, 3.623571
3.6235711574554443,3.6524839401245117
2.945027, 2.718781
2.7187814712524414,2.9450271129608154
2.689329, 2.848159
2.848158597946167,2.689328908920288
3.851678, 3.670046
3.670046091079712,3.851677894592285
3.626834, 3.565576
3.5655758380889893,3.626833915710449
3.987909, 3.761071
3.761070966720581,3.9879090785980225
3.140349, 2.944177
2.9441771507263184,3.1403489112854004
4.244367, 4.317519
4.317519187927246,4.2443671226501465
6.109964, 6.156925
6.156924724578857,6.109963893890381
2.415668, 2.457935
2.457935333251953,2.41566801071167
3.905802, 3.819639
3.819638967514038,3.905802011489868
4.863426, 4.541745
4.541744709014893,4.863426208496094
3.718268, 3.618828
3.618828058242798,3.7182679176330566
3.273972, 3.390079
3.3900787830352783,3.2739720344543457
3.588885, 3.735098
3.735097885131836,3.5888850688934326
4.141470, 4.212780
4.212779521942139,4.141469955444336
2.912484, 2.636502
2.6365020275115967,2.9124839305877686
3.596288, 3.699352
3.6993520259857178,3.596287965774536
4.414165, 4.724682
4.724682331085205,4.414165019989014
4.356128, 3.828899
3.8288989067077637,4.356128215789795
2.708576, 2.608398
2.608398199081421,2.708575963973999
3.569962, 3.479199
3.479199171066284,3.5699620246887207
3.132726, 3.225225
3.2252254486083984,3.132725954055786
3.053844, 2.817357
2.817356586456299,3.0538439750671387
4.851887, 4.755126
4.755125999450684,4.851887226104736
0.403654, 2.839388
2.8393876552581787,0.403654009103775
4.856371, 4.461816
4.46181583404541,4.85637092590332
2.728411, 3.953037
3.9530370235443115,2.7284109592437744
5.328679, 4.870635
4.87063455581665,5.328679084777832
3.517209, 3.347906
3.3479056358337402,3.517209053039551
3.035311, 2.391170
2.3911702632904053,3.035310983657837
2.996544, 2.824070
2.8240697383880615,2.9965438842773438
3.255488, 3.278911
3.2789108753204346,3.2554879188537598
4.023240, 3.347420
3.3474202156066895,4.023240089416504
6.568360, 6.015473
6.015472888946533,6.568359851837158
5.128414, 4.837821
4.8378214836120605,5.128414154052734
3.387676, 3.333642
3.333641767501831,3.3876760005950928
3.990610, 4.023597
4.02359676361084,3.990609884262085
2.596155, 2.600483
2.6004831790924072,2.5961549282073975
3.798568, 3.718682
3.718682050704956,3.7985680103302
4.344046, 4.362592
4.362591743469238,4.344046115875244
4.336187, 4.203174
4.203174114227295,4.33618688583374
2.210519, 2.187016
2.1870157718658447,2.2105190753936768
3.626893, 3.732994
3.7329940795898438,3.6268930435180664
3.458270, 3.448538
3.448538303375244,3.4582700729370117
3.656657, 3.745921
3.7459213733673096,3.6566569805145264
4.667545, 4.435421
4.435420989990234,4.667544841766357
4.768001, 4.244689
4.244688510894775,4.768001079559326
3.730080, 3.146675
3.1466753482818604,3.7300798892974854
2.960468, 2.908200
2.9082000255584717,2.960468053817749
4.478438, 4.211666
4.211666107177734,4.478437900543213
3.302434, 3.313010
3.313009738922119,3.302433967590332
6.276710, 6.285220
6.285220146179199,6.276710033416748
3.676014, 3.694311
3.6943106651306152,3.676013946533203
5.210389, 5.916634
5.916633605957031,5.210389137268066
2.149436, 2.952975
2.952975034713745,2.1494359970092773
4.157591, 4.207741
4.2077412605285645,4.157590866088867
2.767175, 2.824355
2.824354648590088,2.7671749591827393
4.777774, 4.778427
4.7784271240234375,4.777773857116699
4.506190, 4.097857
4.097857475280762,4.506189823150635
2.489182, 2.638280
2.638280153274536,2.4891819953918457
3.830707, 3.847921
3.8479208946228027,3.83070707321167
3.703479, 3.106783
3.106782913208008,3.703479051589966
3.525732, 3.128298
3.128297805786133,3.5257320404052734
5.280327, 4.938365
4.938365459442139,5.280326843261719
2.420350, 3.122502
3.122502326965332,2.4203500747680664
2.690451, 2.759444
2.759443521499634,2.69045090675354
3.976907, 4.070418
4.070418357849121,3.9769070148468018
3.960176, 3.961521
3.9615206718444824,3.9601759910583496
2.395858, 2.340814
2.3408138751983643,2.3958580493927
2.534412, 2.727153
2.7271530628204346,2.534411907196045
4.259704, 3.925246
3.925245523452759,4.259704113006592
2.828799, 2.594901
2.5949013233184814,2.82879900932312
3.368674, 3.455495
3.4554951190948486,3.3686740398406982
5.685119, 6.185848
6.185847759246826,5.685119152069092
4.222041, 4.353726
4.353726387023926,4.222041130065918
3.464417, 4.238266
4.2382659912109375,3.464416980743408
4.061848, 4.329148
4.329147815704346,4.061848163604736
7.275723, 6.895053
6.895053386688232,7.275722980499268
3.466100, 4.181536
4.1815361976623535,3.466099977493286
3.502867, 3.874436
3.8744359016418457,3.5028669834136963
3.139752, 3.366550
3.3665502071380615,3.13975191116333
3.743662, 3.989521
3.98952054977417,3.743662118911743
5.135596, 5.087667
5.087666988372803,5.135595798492432
8.089250, 7.073661
7.0736613273620605,8.089249610900879
3.995859, 3.761104
3.761104106903076,3.995858907699585
5.558991, 5.371373
5.371372699737549,5.558990955352783
5.823730, 5.768592
5.768592357635498,5.823729991912842
3.686017, 3.402845
3.4028446674346924,3.6860170364379883
2.839131, 2.868144
2.8681437969207764,2.8391311168670654
5.301669, 4.944841
4.944841384887695,5.301669120788574
2.990809, 2.768402
2.768402338027954,2.9908089637756348
2.947290, 3.086275
3.0862748622894287,2.9472899436950684
3.857787, 3.900079
3.9000792503356934,3.8577868938446045
4.739179, 4.631614
4.631613731384277,4.7391791343688965
3.510634, 3.379193
3.379193067550659,3.510633945465088
3.051872, 3.077199
3.0771992206573486,3.0518720149993896
2.719397, 2.807709
2.807708978652954,2.7193970680236816
4.432244, 4.320038
4.320037841796875,4.432243824005127
5.480696, 5.184575
5.184574604034424,5.480696201324463
3.241748, 3.651976
3.6519758701324463,3.241748094558716
4.296084, 4.145534
4.145533561706543,4.296083927154541
4.260716, 4.106597
4.106596946716309,4.260715961456299
4.958168, 4.639303
4.639302730560303,4.958168029785156
4.270406, 3.983304
3.983304262161255,4.2704057693481445
4.678120, 4.463452
4.463451862335205,4.678120136260986
3.316836, 3.356423
3.3564226627349854,3.31683611869812
4.429977, 4.498404
4.498404026031494,4.429976940155029
4.811010, 4.599973
4.599973201751709,4.811009883880615
3.480033, 3.160638
3.1606383323669434,3.4800329208374023
3.127678, 3.138603
3.1386032104492188,3.1276779174804688
3.691689, 3.823696
3.8236963748931885,3.6916890144348145
4.644677, 4.295328
4.295327663421631,4.64467716217041
3.976641, 3.848763
3.8487629890441895,3.9766409397125244
3.592865, 3.174069
3.1740691661834717,3.592864990234375
5.197137, 5.305641
5.305640697479248,5.197136878967285
4.608650, 4.140529
4.140529155731201,4.608650207519531
3.620925, 3.742554
3.7425537109375,3.620924949645996
5.048137, 4.709699
4.709698677062988,5.048137187957764
3.333132, 3.463869
3.4638686180114746,3.333132028579712
3.717633, 3.614440
3.6144402027130127,3.717633008956909
3.695493, 3.561638
3.561638355255127,3.69549298286438
3.760319, 3.588932
3.5889315605163574,3.7603189945220947
3.602836, 3.307736
3.3077359199523926,3.6028358936309814
2.482484, 2.990481
2.990481376647949,2.4824841022491455
5.753577, 5.778056
5.7780561447143555,5.75357723236084
4.962817, 5.070643
5.070642948150635,4.962817192077637
2.964557, 3.485309
3.485308885574341,2.964556932449341
4.652448, 4.782302
4.782302379608154,4.6524481773376465
4.568145, 4.961525
4.9615254402160645,4.568144798278809
1.484621, 1.687731
1.6877312660217285,1.4846210479736328
3.886932, 3.607975
3.6079745292663574,3.886931896209717
3.960861, 3.295503
3.2955031394958496,3.9608609676361084
2.812244, 2.975390
2.9753897190093994,2.812243938446045
3.801347, 3.937109
3.9371087551116943,3.801347017288208
4.958299, 4.903663
4.90366268157959,4.958299160003662
3.421858, 3.695730
3.695730447769165,3.421858072280884
4.098021, 4.116046
4.11604642868042,4.098021030426025
3.318116, 3.125529
3.1255288124084473,3.3181159496307373
2.769992, 2.407857
2.4078571796417236,2.7699921131134033
4.081587, 3.980052
3.9800519943237305,4.081586837768555
3.681562, 3.642936
3.6429355144500732,3.6815619468688965
4.613472, 4.493386
4.493386268615723,4.613471984863281
4.052308, 3.896925
3.896925210952759,4.052308082580566
4.371788, 4.200530
4.200530052185059,4.371788024902344
3.426973, 3.069885
3.06988525390625,3.4269731044769287
5.038742, 4.869877
4.869877338409424,5.0387420654296875
2.639059, 2.382255
2.3822548389434814,2.639059066772461
3.387245, 3.377485
3.3774852752685547,3.387244939804077
3.713703, 3.447762
3.4477624893188477,3.713702917098999
3.532748, 3.666781
3.666780710220337,3.532747983932495
3.747308, 3.677252
3.6772522926330566,3.7473080158233643
2.679862, 2.939222
2.9392218589782715,2.6798620223999023
6.388525, 6.335065
6.335064888000488,6.388525009155273
3.926082, 3.933697
3.9336965084075928,3.926081895828247
3.435103, 3.480916
3.4809157848358154,3.435102939605713
4.403575, 4.501905
4.5019049644470215,4.4035749435424805
2.852678, 3.355485
3.355484962463379,2.852678060531616
4.769645, 4.524840
4.524839878082275,4.7696452140808105
3.123389, 3.045617
3.04561710357666,3.1233890056610107
4.665032, 4.442024
4.442023754119873,4.665031909942627
3.832874, 4.015723
4.01572322845459,3.832874059677124
3.222913, 2.816733
2.816732883453369,3.2229130268096924
3.985843, 3.777763
3.7777628898620605,3.9858429431915283
2.806175, 2.742875
2.742875099182129,2.8061749935150146
6.405477, 6.255699
6.2556986808776855,6.405477046966553
3.648601, 3.798330
3.798330307006836,3.6486010551452637
4.254680, 4.203757
4.203757286071777,4.254680156707764
3.222325, 3.078127
3.078127384185791,3.222325086593628
4.112249, 4.087934
4.087933540344238,4.11224889755249
4.386348, 4.403796
4.4037957191467285,4.386347770690918
1.006513, 2.664609
2.664608955383301,1.006512999534607
4.370691, 4.244727
4.244726657867432,4.370690822601318
4.204600, 4.093733
4.093733310699463,4.204599857330322
4.951561, 4.912031
4.912031173706055,4.951560974121094
4.065863, 4.032447
4.03244686126709,4.065863132476807
3.491500, 3.581219
3.581218957901001,3.491499900817871
4.501750, 4.575642
4.575642108917236,4.5017499923706055
6.330689, 6.366280
6.366279602050781,6.330688953399658
2.620386, 2.748120
2.7481203079223633,2.6203858852386475
5.816199, 6.018276
6.018275737762451,5.816198825836182
4.417437, 4.355693
4.355693340301514,4.4174370765686035
2.782938, 2.779475
2.779475212097168,2.782938003540039
3.658064, 3.337511
3.337510824203491,3.6580638885498047
5.312017, 5.239782
5.239781856536865,5.31201696395874
2.393130, 3.884867
3.8848671913146973,2.39313006401062
2.588499, 2.765974
2.7659735679626465,2.588499069213867
4.534114, 4.311306
4.311305522918701,4.534113883972168
4.737759, 4.344280
4.344280242919922,4.737759113311768
1.542825, 2.428408
2.428408145904541,1.5428249835968018
4.881452, 4.920332
4.920332431793213,4.8814520835876465
3.205656, 3.000626
3.0006260871887207,3.205656051635742
5.050036, 5.030818
5.03081750869751,5.0500359535217285
4.402381, 4.290930
4.290930271148682,4.40238094329834
4.671735, 4.261587
4.261587142944336,4.671734809875488
2.932408, 3.198131
3.1981313228607178,2.932408094406128
3.470916, 3.443351
3.4433512687683105,3.4709160327911377
3.489442, 3.650819
3.6508193016052246,3.4894421100616455
4.304719, 3.999867
3.9998674392700195,4.304718971252441
3.613192, 3.743174
3.743173599243164,3.613192081451416
3.197360, 3.237376
3.2373757362365723,3.197360038757324
2.790449, 3.228814
3.228814125061035,2.7904489040374756
6.531883, 6.457042
6.457042217254639,6.5318827629089355
3.828930, 3.810211
3.810210943222046,3.828929901123047
4.129210, 4.000529
4.0005292892456055,4.129209995269775
4.356358, 3.355742
3.3557422161102295,4.356358051300049
3.171425, 2.953185
2.9531850814819336,3.1714251041412354
3.690699, 3.739921
3.7399206161499023,3.6906991004943848
4.267453, 4.483092
4.483091831207275,4.267453193664551
3.321123, 3.107078
3.1070778369903564,3.321122884750366
1.650538, 3.451746
3.4517455101013184,1.6505379676818848
3.788969, 3.746390
3.746389865875244,3.788969039916992
4.037400, 4.679028
4.679028034210205,4.037399768829346
4.034443, 4.126647
4.126646518707275,4.034442901611328
5.839555, 5.721073
5.721073150634766,5.839554786682129
4.211170, 3.850165
3.850165367126465,4.211170196533203
3.602214, 3.380583
3.3805832862854004,3.6022140979766846
4.301537, 4.475377
4.475376605987549,4.301537036895752
3.955084, 4.099897
4.099897384643555,3.9550840854644775
3.878315, 3.831918
3.831918239593506,3.878314971923828
6.155176, 6.093168
6.093167781829834,6.155176162719727
4.847276, 4.840325
4.840325355529785,4.847276210784912
2.158769, 1.872871
1.872870683670044,2.158768892288208
4.111256, 4.083379
4.08337926864624,4.111256122589111
4.824400, 4.619066
4.619065761566162,4.824399948120117
4.353193, 4.288883
4.288882732391357,4.3531928062438965
4.373445, 4.080641
4.080641269683838,4.3734450340271
2.249586, 2.083270
2.0832700729370117,2.2495861053466797
3.532532, 3.483571
3.4835708141326904,3.532531976699829
3.390441, 3.763013
3.7630131244659424,3.3904409408569336
3.416197, 3.841515
3.841515302658081,3.4161970615386963
3.940632, 3.706344
3.706343650817871,3.9406321048736572
3.402018, 3.340786
3.3407864570617676,3.4020180702209473
6.335008, 6.260546
6.2605462074279785,6.335008144378662
4.257052, 4.159204
4.159204006195068,4.257051944732666
3.827146, 3.814452
3.8144524097442627,3.827146053314209
2.481760, 2.649783
2.649782657623291,2.481760025024414
6.559273, 6.369928
6.369927883148193,6.559272766113281
2.647408, 2.643902
2.6439015865325928,2.6474080085754395
4.835813, 4.858531
4.858530521392822,4.835813045501709
3.156276, 2.937822
2.937821626663208,3.156275987625122
1.980935, 3.020798
3.0207977294921875,1.980934977531433
3.988059, 3.735341
3.7353413105010986,3.9880590438842773
5.084333, 5.183906
5.183905601501465,5.0843329429626465
4.088570, 3.985251
3.98525071144104,4.0885701179504395
2.549523, 2.378886
2.378885507583618,2.549523115158081
6.464928, 5.983929
5.98392915725708,6.464928150177002
3.471213, 3.382679
3.382678985595703,3.4712131023406982
3.618250, 3.714796
3.7147955894470215,3.6182498931884766
5.264328, 5.256696
5.2566962242126465,5.2643280029296875
3.812005, 3.246987
3.2469873428344727,3.812005043029785
4.907248, 4.932890
4.93289041519165,4.907248020172119
3.603005, 3.596258
3.5962581634521484,3.6030049324035645
3.258025, 3.006476
3.0064759254455566,3.2580249309539795
2.266645, 2.874547
2.874547004699707,2.2666449546813965
4.239888, 4.050117
4.050117492675781,4.2398881912231445
4.379956, 4.571535
4.571534633636475,4.379955768585205
2.773891, 2.265317
2.265317440032959,2.773890972137451
5.030247, 5.193710
5.1937103271484375,5.030247211456299
2.807630, 2.450562
2.450562000274658,2.8076300621032715
2.594103, 2.982707
2.9827070236206055,2.5941030979156494
4.105207, 3.557544
3.5575437545776367,4.1052069664001465
3.995311, 3.800568
3.8005683422088623,3.9953110218048096
1.632745, 3.193181
3.193180561065674,1.6327450275421143
3.109613, 3.283812
3.2838120460510254,3.1096129417419434
4.321969, 4.209111
4.209111213684082,4.321969032287598
2.898449, 2.380342
2.3803417682647705,2.898448944091797
3.931781, 3.746549
3.746548891067505,3.931781053543091
2.903733, 3.179777
3.179776668548584,2.903733015060425
4.745532, 4.860142
4.860141754150391,4.745532035827637
4.320793, 3.966028
3.9660277366638184,4.320793151855469
2.141341, 2.307034
2.3070342540740967,2.141340970993042
4.100197, 4.274850
4.274849891662598,4.100196838378906
1.528919, 2.789453
2.7894527912139893,1.528918981552124
3.630781, 3.576687
3.5766868591308594,3.6307809352874756
4.119575, 4.026225
4.026224613189697,4.119575023651123
2.662997, 2.990475
2.9904747009277344,2.662997007369995
4.023278, 4.030588
4.030588150024414,4.02327823638916
4.707504, 4.652169
4.652169227600098,4.707503795623779
4.866933, 5.007020
5.007019519805908,4.8669328689575195
4.616820, 3.963717
3.963717460632324,4.616819858551025
3.716843, 3.501344
3.5013437271118164,3.7168428897857666
4.349990, 3.830649
3.8306491374969482,4.349989891052246
3.541479, 3.578547
3.5785465240478516,3.5414791107177734
4.467060, 4.373398
4.3733978271484375,4.467060089111328
1.986236, 3.101652
3.1016523838043213,1.9862359762191772
4.407102, 4.369689
4.369689464569092,4.407102108001709
3.616987, 3.552379
3.5523793697357178,3.6169869899749756
4.066749, 4.019213
4.0192131996154785,4.066749095916748
4.117269, 4.164945
4.164945125579834,4.117269039154053
4.299196, 4.296906
4.296905517578125,4.299195766448975
0.094199, 2.809383
2.8093833923339844,0.09419900178909302
3.421384, 3.383066
3.383066415786743,3.42138409614563
2.936504, 2.188624
2.188624143600464,2.9365038871765137
3.392765, 2.432973
2.4329731464385986,3.3927650451660156
2.714401, 2.634651
2.634650945663452,2.7144010066986084
3.945131, 3.895602
3.895602226257324,3.9451310634613037
4.826989, 5.518006
5.518005847930908,4.82698917388916
3.759928, 3.867527
3.8675270080566406,3.759927988052368
2.768539, 3.213166
3.213165760040283,2.7685389518737793
4.925050, 5.087941
5.087940692901611,4.925049781799316
3.673245, 3.701803
3.7018027305603027,3.6732449531555176
3.886169, 3.642790
3.642789602279663,3.886168956756592
2.923275, 2.900457
2.9004571437835693,2.9232749938964844
3.602508, 3.213140
3.2131404876708984,3.602508068084717
4.278894, 4.003598
4.003597736358643,4.278893947601318
3.151544, 2.821671
2.8216705322265625,3.1515440940856934
4.460951, 4.775386
4.775386333465576,4.46095085144043
1.958652, 2.401297
2.401297092437744,1.9586520195007324
3.175372, 3.374620
3.3746204376220703,3.1753718852996826
3.869837, 3.802491
3.8024914264678955,3.8698370456695557
2.435667, 2.420280
2.4202799797058105,2.435667037963867
4.637245, 4.378345
4.378344535827637,4.637245178222656
3.311289, 3.317600
3.3176000118255615,3.311289072036743
6.519961, 6.678788
6.678787708282471,6.519960880279541
4.791109, 4.741047
4.741046905517578,4.791109085083008
3.352452, 3.077933
3.0779330730438232,3.352452039718628
2.665278, 3.062622
3.062622308731079,2.6652779579162598
2.988482, 2.518023
2.5180230140686035,2.9884819984436035
3.742023, 4.248650
4.248650074005127,3.74202299118042
2.409257, 2.241950
2.2419497966766357,2.409256935119629
3.547466, 3.419096
3.419095516204834,3.5474660396575928
4.905086, 4.879586
4.8795857429504395,4.905086040496826
2.471348, 2.749707
2.749706745147705,2.4713480472564697
4.270376, 4.041844
4.041844367980957,4.270376205444336
4.426442, 4.298124
4.298124313354492,4.4264421463012695
4.309753, 4.249828
4.249827861785889,4.309752941131592
3.966131, 3.947192
3.9471921920776367,3.9661309719085693
3.742485, 3.841959
3.841958522796631,3.7424850463867188
2.846682, 3.445070
3.445070266723633,2.846682071685791
4.630250, 4.458293
4.458293437957764,4.630249977111816
7.130829, 6.879624
6.879624366760254,7.130828857421875
3.755916, 3.697373
3.697373390197754,3.755916118621826
1.719915, 3.011195
3.0111947059631348,1.7199150323867798
2.669706, 2.693792
2.693791627883911,2.669706106185913
3.370879, 3.277078
3.277078151702881,3.3708789348602295
4.802397, 4.473432
4.473431587219238,4.802396774291992
3.528356, 3.626217
3.6262171268463135,3.5283560752868652
5.017206, 4.514762
4.5147624015808105,5.017206192016602
4.794095, 4.786181
4.7861809730529785,4.794095039367676
5.365976, 5.149729
5.149729251861572,5.365975856781006
3.461015, 3.393390
3.3933897018432617,3.461014986038208
2.538614, 2.427132
2.4271316528320312,2.53861403465271
3.350583, 3.265195
3.26519513130188,3.350583076477051
4.346675, 4.089175
4.089174747467041,4.346674919128418
4.657978, 4.510479
4.51047945022583,4.657978057861328
3.708822, 3.737471
3.7374706268310547,3.708822011947632
4.762490, 5.169212
5.169212341308594,4.7624897956848145
3.209646, 3.562651
3.5626511573791504,3.209645986557007
6.296722, 6.416450
6.416449546813965,6.296721935272217
3.418712, 3.368680
3.3686797618865967,3.4187119007110596
4.902579, 4.577319
4.5773186683654785,4.902578830718994
3.784480, 3.549680
3.549680233001709,3.784480094909668
3.646102, 3.729246
3.729245901107788,3.646101951599121
3.502663, 3.687731
3.6877307891845703,3.5026628971099854
3.949050, 4.494347
4.494347095489502,3.949049949645996
3.064208, 3.092411
3.0924105644226074,3.0642080307006836
3.131461, 3.427418
3.427417755126953,3.1314609050750732
2.908979, 3.213324
3.2133238315582275,2.9089789390563965
2.549689, 3.037245
3.037245035171509,2.5496890544891357
3.412517, 3.303874
3.3038737773895264,3.4125170707702637
2.942853, 2.979755
2.979755163192749,2.9428529739379883
5.427857, 5.059850
5.059849739074707,5.427856922149658
3.026427, 3.150753
3.1507530212402344,3.0264270305633545
5.594306, 6.020407
6.020406723022461,5.594305992126465
3.139350, 2.600267
2.6002674102783203,3.139349937438965
4.361770, 4.257799
4.25779914855957,4.361770153045654
3.131023, 3.291847
3.291846752166748,3.1310229301452637
3.290928, 3.278711
3.2787113189697266,3.2909278869628906
3.586499, 3.418524
3.4185235500335693,3.586498975753784
3.191382, 3.221770
3.2217698097229004,3.1913819313049316
3.679080, 3.721448
3.7214479446411133,3.679080009460449
4.059204, 3.991926
3.991926431655884,4.0592041015625
2.191044, 2.498286
2.4982857704162598,2.1910440921783447
2.745039, 3.191931
3.1919312477111816,2.7450389862060547
1.656078, 2.024899
2.0248987674713135,1.6560779809951782
5.429627, 5.255395
5.255395412445068,5.429626941680908
2.889230, 2.963858
2.963858127593994,2.8892300128936768
2.040704, 2.007726
2.0077264308929443,2.0407040119171143
4.460543, 4.816703
4.8167033195495605,4.460543155670166
4.166791, 3.948929
3.9489293098449707,4.166790962219238
4.836261, 4.776104
4.77610445022583,4.836260795593262
6.198859, 5.635681
5.635680675506592,6.198859214782715
3.454910, 3.356229
3.356228828430176,3.4549100399017334
4.044861, 4.124564
4.124563694000244,4.04486083984375
4.811547, 4.535991
4.535991191864014,4.811546802520752
2.829088, 2.434871
2.434871196746826,2.829087972640991
3.336143, 3.193112
3.1931118965148926,3.3361430168151855
4.823678, 4.778502
4.778501510620117,4.823678016662598
3.883145, 3.514611
3.514610767364502,3.8831450939178467
4.139938, 4.154364
4.154363632202148,4.139937877655029
4.119114, 3.868446
3.868445873260498,4.119113922119141
2.185262, 2.340628
2.3406283855438232,2.1852619647979736
1.952385, 1.922299
1.9222989082336426,1.9523849487304688
4.057142, 4.026182
4.026182174682617,4.0571417808532715
7.455523, 7.170539
7.170538902282715,7.4555230140686035
4.023858, 3.794749
3.7947490215301514,4.023858070373535
2.552426, 2.312018
2.3120179176330566,2.5524260997772217
3.798973, 3.696477
3.696477174758911,3.7989730834960938
3.015512, 2.486660
2.4866604804992676,3.015511989593506
3.283735, 3.574252
3.574251890182495,3.2837350368499756
4.104809, 3.972876
3.9728755950927734,4.104808807373047
3.556620, 3.616802
3.616802215576172,3.556619882583618
3.797318, 3.716201
3.716200828552246,3.7973179817199707
4.390196, 4.294043
4.294043064117432,4.390195846557617
5.732042, 5.564126
5.564126491546631,5.732041835784912
2.929984, 3.093244
3.0932435989379883,2.9299840927124023
4.599248, 4.520162
4.520162105560303,4.599247932434082
4.025793, 3.693372
3.6933720111846924,4.025793075561523
3.525394, 3.320536
3.3205361366271973,3.5253939628601074
4.307924, 3.903528
3.9035277366638184,4.307923793792725
3.343383, 3.300948
3.300947666168213,3.3433830738067627
3.235173, 3.574313
3.574313163757324,3.235172986984253
3.216253, 3.350463
3.3504629135131836,3.2162530422210693
4.289913, 4.127639
4.127639293670654,4.289913177490234
6.623832, 6.258113
6.258113384246826,6.6238322257995605
2.245166, 2.422660
2.4226598739624023,2.245166063308716
4.113106, 4.170077
4.170077323913574,4.113105773925781
3.585429, 3.678143
3.678142547607422,3.5854289531707764
3.833377, 3.393985
3.3939852714538574,3.833376884460449
2.170658, 2.311036
2.3110361099243164,2.1706581115722656
4.093317, 3.681012
3.681011915206909,4.093317031860352
3.620682, 3.446108
3.446107864379883,3.6206820011138916
4.787917, 4.718519
4.71851921081543,4.787917137145996
4.285817, 3.924067
3.9240665435791016,4.2858171463012695
3.872104, 3.644567
3.644566535949707,3.8721039295196533
3.714594, 3.708801
3.70880126953125,3.7145938873291016
3.553519, 3.676727
3.676727294921875,3.5535190105438232
4.511843, 4.737512
4.737512111663818,4.511843204498291
3.911572, 3.842666
3.8426661491394043,3.911571979522705
2.791854, 3.739310
3.7393102645874023,2.791853904724121
3.935562, 4.063959
4.063959121704102,3.9355618953704834
3.426703, 3.504196
3.5041964054107666,3.4267029762268066
3.225459, 2.703306
2.703306198120117,3.225459098815918
2.113893, 2.134824
2.134824275970459,2.1138930320739746
3.247795, 2.542724
2.5427236557006836,3.2477951049804688
5.092420, 4.155880
4.155880451202393,5.0924201011657715
4.655869, 4.397995
4.397995471954346,4.655869007110596
4.378257, 4.360606
4.3606061935424805,4.378256797790527
4.158918, 3.948118
3.948117733001709,4.1589179039001465
3.565961, 3.832089
3.832089424133301,3.5659608840942383
1.608918, 1.852023
1.8520233631134033,1.6089179515838623
4.616018, 4.910512
4.910512447357178,4.616017818450928
1.873298, 3.017667
3.017666816711426,1.8732980489730835
3.906314, 4.191183
4.191182613372803,3.906313896179199
3.540375, 3.615043
3.6150426864624023,3.540374994277954
3.648653, 4.190413
4.190412521362305,3.648653030395508
1.729445, 2.251840
2.251840114593506,1.729444980621338
2.730676, 2.779509
2.7795088291168213,2.7306759357452393
2.312914, 2.583527
2.583526611328125,2.3129138946533203
2.413559, 2.751380
2.751380443572998,2.4135589599609375
3.857061, 3.777460
3.7774596214294434,3.8570609092712402
3.987245, 3.520111
3.520110845565796,3.9872450828552246
2.674919, 2.714133
2.714132785797119,2.6749188899993896
3.860803, 3.632581
3.632580518722534,3.8608028888702393
3.732413, 3.604164
3.604163646697998,3.7324130535125732
2.825318, 3.076878
3.0768775939941406,2.8253180980682373
1.637611, 2.363756
2.3637564182281494,1.6376110315322876
4.079768, 3.921249
3.9212491512298584,4.079768180847168
2.972120, 3.449914
3.4499144554138184,2.9721200466156006
4.181536, 3.879298
3.879298210144043,4.1815361976623535
3.624852, 3.770540
3.7705397605895996,3.624851942062378
5.230538, 5.254866
5.254866123199463,5.2305378913879395
3.086712, 3.097338
3.0973379611968994,3.086711883544922
3.541853, 3.202974
3.2029736042022705,3.5418529510498047
0.535724, 3.418276
3.418275833129883,0.5357239842414856
5.003484, 4.651327
4.651327133178711,5.003483772277832
5.587657, 5.621274
5.621274471282959,5.5876569747924805
4.783100, 4.655699
4.655698776245117,4.783100128173828
4.342819, 4.392384
4.392383575439453,4.3428192138671875
0.460424, 0.807418
0.8074182868003845,0.46042400598526
4.228663, 4.044543
4.044543266296387,4.228662967681885
1.894188, 2.013832
2.013831853866577,1.8941880464553833
3.829438, 3.910553
3.910552501678467,3.8294379711151123
3.761368, 3.925750
3.9257500171661377,3.7613680362701416
3.332625, 3.018394
3.0183944702148438,3.332624912261963
4.008399, 4.026651
4.026650905609131,4.00839900970459
4.304738, 4.159300
4.159300327301025,4.3047380447387695
4.303175, 4.074739
4.074739456176758,4.30317497253418
3.420256, 3.331238
3.331238031387329,3.4202558994293213
2.948936, 2.454448
2.4544475078582764,2.9489359855651855
3.819153, 4.109789
4.1097893714904785,3.819153070449829
2.957138, 2.900694
2.9006943702697754,2.9571380615234375
5.232425, 4.923830
4.923829555511475,5.232425212860107
3.990838, 3.895740
3.8957395553588867,3.990838050842285
4.690347, 4.476426
4.476426124572754,4.690347194671631
3.569691, 3.929592
3.929591655731201,3.5696909427642822
4.984114, 5.033809
5.033809185028076,4.984114170074463
3.521155, 3.468126
3.4681262969970703,3.5211551189422607
3.167070, 3.538940
3.5389397144317627,3.167069911956787
2.157340, 2.289798
2.28979754447937,2.1573400497436523
3.837740, 3.823125
3.8231253623962402,3.837739944458008
3.234544, 3.236821
3.236820697784424,3.234544038772583
4.545363, 4.251356
4.2513556480407715,4.545362949371338
2.217034, 2.038704
2.0387041568756104,2.217034101486206
3.242282, 3.353809
3.353809118270874,3.242281913757324
4.937664, 4.636988
4.636987686157227,4.937664031982422
2.591212, 2.376423
2.376422643661499,2.591212034225464
3.940686, 3.908417
3.908417224884033,3.940685987472534
3.501561, 3.697791
3.69779109954834,3.501560926437378
1.861388, 2.244433
2.2444326877593994,1.8613879680633545
4.126891, 4.191416
4.191416263580322,4.126891136169434
3.163278, 3.634534
3.634533643722534,3.163278102874756
2.999216, 3.386507
3.386507034301758,2.999216079711914
3.835740, 3.822569
3.822568893432617,3.835740089416504
4.196039, 3.703911
3.703911066055298,4.196039199829102
2.762852, 2.818930
2.818930149078369,2.7628519535064697
3.678804, 3.666150
3.666149616241455,3.6788039207458496
5.827020, 5.571065
5.571065425872803,5.827020168304443
3.307663, 3.083464
3.0834641456604004,3.3076629638671875
4.235593, 3.854572
3.854572296142578,4.235592842102051
3.519426, 3.497786
3.497786283493042,3.519426107406616
6.579495, 6.200625
6.200624942779541,6.579494953155518
3.093341, 2.634724
2.6347241401672363,3.093341112136841
3.983263, 3.917030
3.9170303344726562,3.9832630157470703
3.942508, 3.758826
3.75882625579834,3.9425079822540283
3.937475, 3.446435
3.4464354515075684,3.9374749660491943
3.943458, 3.874691
3.8746907711029053,3.943458080291748
2.739746, 2.686673
2.6866729259490967,2.73974609375
4.566863, 4.490449
4.490448951721191,4.566863059997559
4.125758, 4.052373
4.052372932434082,4.125758171081543
4.191692, 4.097642
4.097641944885254,4.191691875457764
4.433976, 4.403968
4.403968334197998,4.433976173400879
1.050854, 3.028541
3.028541088104248,1.050853967666626
3.211686, 3.107006
3.1070055961608887,3.2116858959198
2.089367, 2.878482
2.87848162651062,2.089366912841797
2.916391, 3.196810
3.1968095302581787,2.916390895843506
4.242641, 3.757690
3.757690191268921,4.242640972137451
4.060341, 3.220839
3.220839262008667,4.060340881347656
3.241583, 3.090052
3.0900521278381348,3.2415831089019775
4.540752, 4.513049
4.5130486488342285,4.540751934051514
4.001052, 3.833966
3.83396577835083,4.001051902770996
3.896957, 3.817968
3.817967653274536,3.8969569206237793
3.764759, 3.500290
3.5002899169921875,3.764759063720703
4.394839, 4.323286
4.323286056518555,4.394838809967041
4.457657, 4.256022
4.256021976470947,4.4576568603515625
6.463845, 6.557772
6.557772159576416,6.4638447761535645
3.615072, 3.724776
3.724776268005371,3.615072011947632
6.807413, 6.578524
6.578524112701416,6.807413101196289
4.677779, 4.664163
4.664162635803223,4.677779197692871
3.740178, 3.425628
3.425628185272217,3.740178108215332
3.612619, 3.615279
3.61527943611145,3.612618923187256
3.819257, 3.578942
3.578942060470581,3.8192570209503174
3.548093, 3.326762
3.3267621994018555,3.54809308052063
3.457335, 3.010481
3.010481357574463,3.4573349952697754
3.960771, 4.054573
4.054573059082031,3.960771083831787
2.204563, 2.122977
2.1229772567749023,2.2045629024505615
3.524633, 3.551813
3.5518126487731934,3.5246329307556152
3.108918, 3.688350
3.688350200653076,3.1089179515838623
4.400881, 4.242092
4.242092132568359,4.400880813598633
4.548543, 4.478415
4.478415012359619,4.5485429763793945
3.902632, 3.407365
3.407365083694458,3.902631998062134
6.605839, 6.332739
6.332738876342773,6.605838775634766
4.172616, 4.143381
4.143381118774414,4.172616004943848
5.537576, 5.640656
5.640655994415283,5.537576198577881
3.445608, 3.917415
3.917414665222168,3.445607900619507
3.255520, 3.134116
3.1341161727905273,3.2555201053619385
3.526891, 3.616494
3.6164944171905518,3.526890993118286
2.253871, 2.527920
2.5279197692871094,2.253870964050293
3.960160, 3.849117
3.849116802215576,3.96016001701355
1.980379, 2.066594
2.066594362258911,1.9803789854049683
3.973002, 3.724399
3.724398612976074,3.9730019569396973
3.856476, 3.860965
3.8609650135040283,3.856476068496704
4.692178, 4.709659
4.709658622741699,4.692177772521973
4.234062, 3.784109
3.784109115600586,4.234062194824219
5.462745, 5.525848
5.525848388671875,5.462745189666748
2.081320, 2.938934
2.938933849334717,2.08132004737854
3.870121, 3.760012
3.76001238822937,3.8701210021972656
2.967710, 3.027865
3.027864933013916,2.967710018157959
2.811747, 2.558499
2.558499336242676,2.8117470741271973
3.740038, 3.662525
3.662524938583374,3.7400379180908203
3.604750, 3.127422
3.1274218559265137,3.604749917984009
4.057824, 4.012706
4.0127058029174805,4.05782413482666
3.483282, 3.190732
3.1907317638397217,3.4832820892333984
4.018306, 4.062669
4.062669277191162,4.018305778503418
3.111885, 3.253700
3.253699779510498,3.1118850708007812
4.349185, 4.204610
4.2046098709106445,4.349184989929199
5.257259, 5.490345
5.490344524383545,5.257258892059326
3.032335, 2.921495
2.9214954376220703,3.032335042953491
5.042454, 3.800050
3.8000497817993164,5.042453765869141
4.765454, 4.264329
4.264329433441162,4.765453815460205
3.115404, 3.100445
3.100444793701172,3.115403890609741
3.886069, 3.679873
3.679873466491699,3.8860690593719482
4.477619, 4.331907
4.331906795501709,4.477619171142578
3.659508, 3.789488
3.789487838745117,3.659507989883423
3.452430, 3.520652
3.5206515789031982,3.452430009841919
6.247639, 5.709704
5.7097039222717285,6.247639179229736
3.355549, 3.149420
3.1494200229644775,3.3555490970611572
5.676557, 6.328903
6.328902721405029,5.6765570640563965
4.665454, 4.307792
4.3077921867370605,4.665453910827637
6.252431, 6.179720
6.179720401763916,6.2524309158325195
3.708533, 3.647789
3.647789239883423,3.7085330486297607
3.158411, 3.354068
3.3540682792663574,3.1584110260009766
5.378582, 5.327391
5.327391147613525,5.378582000732422
2.383049, 2.435844
2.4358439445495605,2.3830490112304688
5.583408, 5.790030
5.790030002593994,5.583407878875732
5.465102, 5.025779
5.0257792472839355,5.465102195739746
3.814364, 3.907647
3.9076473712921143,3.814363956451416
2.910133, 3.068184
3.0681838989257812,2.910132884979248
5.342521, 5.365499
5.365499496459961,5.3425211906433105
4.396771, 4.164804
4.164803504943848,4.39677095413208
2.981122, 3.044039
3.044038772583008,2.9811220169067383
4.283704, 4.216546
4.216545581817627,4.283703804016113
3.845456, 2.576897
2.576897382736206,3.8454558849334717
3.458610, 3.028809
3.028808832168579,3.4586100578308105
5.448279, 4.762690
4.76269006729126,5.448278903961182
4.024935, 3.700739
3.7007386684417725,4.024934768676758
3.600195, 3.779787
3.779787063598633,3.6001949310302734
2.755368, 3.155672
3.1556718349456787,2.7553679943084717
4.786524, 4.572566
4.57256555557251,4.786523818969727
2.729029, 3.297146
3.2971460819244385,2.7290289402008057
3.838546, 3.692657
3.692656993865967,3.83854603767395
3.612476, 3.539119
3.5391194820404053,3.612476110458374
3.347900, 3.211671
3.2116708755493164,3.347899913787842
4.585239, 4.133905
4.133905410766602,4.585238933563232
2.880872, 2.640117
2.6401174068450928,2.8808720111846924
4.052704, 3.896140
3.8961400985717773,4.052703857421875
3.910443, 3.562299
3.562298536300659,3.910443067550659
3.628448, 3.380556
3.3805556297302246,3.628448009490967
4.901994, 4.884677
4.884677410125732,4.901994228363037
4.148906, 3.730940
3.7309398651123047,4.148906230926514
4.816264, 4.555837
4.555837154388428,4.8162641525268555
3.695211, 3.695232
3.6952319145202637,3.6952109336853027
2.923219, 2.991854
2.991854190826416,2.9232189655303955
3.542426, 3.536777
3.5367770195007324,3.542426109313965
6.683803, 6.497955
6.497954845428467,6.683803081512451
3.219178, 3.014384
3.0143840312957764,3.2191779613494873
5.319221, 4.925174
4.925174236297607,5.319221019744873
3.558578, 3.812615
3.812615394592285,3.5585780143737793
3.480512, 3.335296
3.3352959156036377,3.4805119037628174
4.385190, 4.293242
4.293242454528809,4.385190010070801
4.200480, 4.333767
4.333766937255859,4.200479984283447
3.752213, 4.274658
4.274657726287842,3.7522130012512207
4.120929, 4.078994
4.078993797302246,4.120928764343262
4.150710, 4.085422
4.085422039031982,4.150710105895996
3.918046, 3.908632
3.908632278442383,3.918045997619629
5.318609, 4.871933
4.871932506561279,5.318609237670898
2.790233, 2.865602
2.865602493286133,2.7902328968048096
2.897716, 2.768108
2.7681078910827637,2.8977160453796387
3.054260, 2.610896
2.610896110534668,3.054260015487671
5.760102, 5.590628
5.590627670288086,5.760101795196533
4.252660, 4.331139
4.331139087677002,4.252659797668457
3.281410, 2.927170
2.9271700382232666,3.281409978866577
3.279295, 3.321867
3.321866512298584,3.279294967651367
2.817241, 3.095928
3.0959279537200928,2.8172409534454346
4.591864, 4.424127
4.424127101898193,4.591864109039307
3.369368, 3.458830
3.458829879760742,3.369368076324463
4.014760, 3.428856
3.428856372833252,4.0147600173950195
4.052134, 3.835255
3.835254669189453,4.052134037017822
2.567305, 2.542620
2.5426199436187744,2.567305088043213
4.153300, 4.122043
4.122043132781982,4.153299808502197
3.837804, 3.960175
3.960174560546875,3.837804079055786
4.110045, 4.310052
4.310051918029785,4.110044956207275
3.780226, 4.080433
4.080433368682861,3.780225992202759
4.051869, 4.087173
4.087172508239746,4.051868915557861
6.102406, 5.817712
5.817712306976318,6.102406024932861
4.148392, 3.764739
3.7647385597229004,4.148392200469971
3.452363, 3.383372
3.383371591567993,3.4523630142211914
2.728960, 2.767868
2.7678680419921875,2.7289600372314453
2.284293, 2.893842
2.8938417434692383,2.2842929363250732
3.595487, 3.477986
3.4779863357543945,3.595487117767334
4.125301, 4.216539
4.21653938293457,4.125300884246826
3.974193, 3.627624
3.627624034881592,3.9741930961608887
2.468646, 2.267913
2.267913341522217,2.4686460494995117
4.186613, 4.093552
4.093552112579346,4.186613082885742
4.992881, 4.854027
4.854026794433594,4.992880821228027
5.195048, 5.192347
5.192346572875977,5.195047855377197
4.592043, 4.351560
4.351560115814209,4.592042922973633
3.786381, 4.008768
4.008768081665039,3.7863810062408447
3.735153, 3.128496
3.128495693206787,3.7351529598236084
4.792022, 4.380485
4.3804850578308105,4.792022228240967
5.331445, 5.225340
5.225340366363525,5.331445217132568
2.908042, 3.720217
3.720216751098633,2.9080419540405273
5.270031, 4.877392
4.877391815185547,5.270030975341797
3.405227, 3.162563
3.1625630855560303,3.405226945877075
3.173200, 2.816167
2.816166639328003,3.1731998920440674
5.431016, 5.035936
5.035935878753662,5.431015968322754
3.699003, 4.055568
4.055568218231201,3.699002981185913
3.754409, 3.798692
3.798691511154175,3.754409074783325
4.263771, 4.075149
4.075149059295654,4.263771057128906
3.427308, 3.374428
3.374427556991577,3.4273080825805664
4.100729, 3.678996
3.6789956092834473,4.100728988647461
4.688439, 4.469769
4.469769477844238,4.688438892364502
3.140464, 2.998521
2.998520612716675,3.1404640674591064
3.808819, 3.748208
3.7482082843780518,3.808819055557251
3.658669, 3.596427
3.5964274406433105,3.6586689949035645
3.962462, 3.779651
3.779651403427124,3.9624619483947754
4.495692, 4.367242
4.367242336273193,4.495691776275635
3.557252, 3.353688
3.3536882400512695,3.5572519302368164
2.881758, 2.344168
2.3441684246063232,2.881757974624634
4.267534, 4.033988
4.033987522125244,4.267533779144287
3.982569, 3.942385
3.942384958267212,3.9825689792633057
3.294422, 3.186859
3.186858654022217,3.294421911239624
2.829863, 3.352920
3.3529202938079834,2.8298630714416504
2.419852, 2.800782
2.800781726837158,2.4198520183563232
4.295005, 3.646737
3.6467366218566895,4.295004844665527
5.610818, 5.673392
5.673392295837402,5.610817909240723
6.459324, 6.423544
6.423543930053711,6.459323883056641
3.778308, 4.504859
4.50485897064209,3.7783079147338867
6.421372, 6.348827
6.348826885223389,6.421371936798096
3.641251, 3.681065
3.681065082550049,3.6412510871887207
4.028197, 3.897458
3.8974575996398926,4.028196811676025
3.899127, 3.726014
3.7260141372680664,3.8991270065307617
5.348983, 5.353969
5.353969097137451,5.348982810974121
4.513312, 4.262872
4.262872219085693,4.513311862945557
4.164134, 4.136158
4.136157512664795,4.1641340255737305
3.409833, 3.114064
3.1140642166137695,3.4098329544067383
2.168903, 2.869899
2.869898557662964,2.168903112411499
2.821860, 3.177525
3.177525043487549,2.8218600749969482
6.617104, 6.394638
6.394637584686279,6.6171040534973145
4.594920, 4.671504
4.671504497528076,4.5949201583862305
3.982791, 3.918931
3.918931007385254,3.982790946960449
3.144214, 3.403334
3.403334140777588,3.144213914871216
